Row_Index,Question,Correct_Answer,LLM_Answer_Baseline,LLM_Answer_Council,Outcome
0,"Sauna use, sometimes referred to as ""sauna bathing,"" is characterized by short-term passive exposure to extreme heat. This exposure elicits mild hyperthermia – an increase in the body's core temperature – that induces a thermoregulatory response involving neuroendocrine, cardiovascular, and cytoprotective mechanisms that work together to restore homeostasis and condition the body for future heat stressors… In recent decades, sauna bathing has emerged as a means to increase lifespan and improve overall health, based on compelling data from observational, interventional, and mechanistic studies. Of particular interest are the findings from studies of participants in the Kuopio Ischemic Heart Disease Risk Factor (KIHD) Study, an ongoing prospective population-based cohort study of health outcomes in more than 2,300 middle-aged men from eastern Finland, which identified strong links between sauna use and reduced death and disease… The KIHD findings showed that men who used the sauna two to three times per week were 27 percent less likely to die from cardiovascular-related causes than men who didn't use the sauna.[2] Furthermore, the benefits they experienced were found to be dose-dependent: Men who used the sauna roughly twice as often, about four to seven times per week, experienced roughly twice the benefits – and were 50 percent less likely to die from cardiovascular-related causes.[2] In addition, frequent sauna users were found to be 40 percent less likely to die from all causes of premature death. These findings held true even when considering age, activity levels, and lifestyle factors that might have influenced the men's health.[2]... The KIHD also revealed that frequent sauna use reduced the risk of developing dementia and Alzheimer's disease in a dose-dependent manner. Men who used the sauna two to three times per week had a 66 percent lower risk of developing dementia and a 65 percent lower risk of developing Alzheimer's disease, compared to men who used the sauna only one time per week… The health benefits associated with sauna use extended to other aspects of mental health, as well. Men participating in the KIHD study who used the sauna four to seven times per week were 77 percent less likely to develop psychotic disorders, regardless of the men's dietary habits, socioeconomic status, physical activity, and inflammatory status (as measured by C-reactive protein)…Exposure to high temperature stresses the body, eliciting a rapid, robust response. The skin and core body temperatures increase markedly, and sweating ensues. The skin heats first, rising to 40°C (104°F), and then changes in core body temperature occur, rising slowly from 37°C (98.6°F, or normal) to 38°C (100.4°F) and then rapidly increasing to 39°C (102.2°F)…  Cardiac output, a measure of the amount of work the heart performs in response to the body's need for oxygen, increases by 60 to 70 percent, while the heart rate (the number of beats per minute) increases and the stroke volume (the amount of blood pumped) remains unchanged.[5] During this time, approximately 50 to 70 percent of the body's blood flow is redistributed from the core to the skin to facilitate sweating. The average person loses approximately 0.5 kg of sweat while sauna bathing.[11] Acute heat exposure also induces a transient increase in overall plasma volume to mitigate the decrease in core blood volume. This increase in plasma volume not only provides a reserve source of fluid for sweating, but it also acts like the water in a car's radiator, cooling the body to prevent rapid increases in core body temperature and promoting heat tolerance… Repeated sauna use acclimates the body to heat and optimizes the body's response to future exposures, likely due to a biological phenomenon known as hormesis, a compensatory defense response following exposure to a mild stressor that is disproportionate to the magnitude of the stressor. Hormesis triggers a vast array of protective mechanisms that not only repair cell damage but also provide protection from subsequent exposures to more devastating stressors… The physiological responses to sauna use are remarkably similar to those experienced during moderate- to vigorous-intensity exercise. In fact, sauna use has been proposed as an alternative to exercise for people who are unable to engage in physical activity due to chronic disease or physical limitations.[13]

The review article sources a lot of data from Finland population studies, where the incidence of sauna use is substantially higher than most countries. Using the data, which of the following is something that is more plausible in Finland than elsewhere?",B,B,B,Both Correct
1,"Sauna use, sometimes referred to as ""sauna bathing,"" is characterized by short-term passive exposure to extreme heat. This exposure elicits mild hyperthermia – an increase in the body's core temperature – that induces a thermoregulatory response involving neuroendocrine, cardiovascular, and cytoprotective mechanisms that work together to restore homeostasis and condition the body for future heat stressors… In recent decades, sauna bathing has emerged as a means to increase lifespan and improve overall health, based on compelling data from observational, interventional, and mechanistic studies. Of particular interest are the findings from studies of participants in the Kuopio Ischemic Heart Disease Risk Factor (KIHD) Study, an ongoing prospective population-based cohort study of health outcomes in more than 2,300 middle-aged men from eastern Finland, which identified strong links between sauna use and reduced death and disease… The KIHD findings showed that men who used the sauna two to three times per week were 27 percent less likely to die from cardiovascular-related causes than men who didn't use the sauna.[2] Furthermore, the benefits they experienced were found to be dose-dependent: Men who used the sauna roughly twice as often, about four to seven times per week, experienced roughly twice the benefits – and were 50 percent less likely to die from cardiovascular-related causes.[2] In addition, frequent sauna users were found to be 40 percent less likely to die from all causes of premature death. These findings held true even when considering age, activity levels, and lifestyle factors that might have influenced the men's health.[2]... The KIHD also revealed that frequent sauna use reduced the risk of developing dementia and Alzheimer's disease in a dose-dependent manner. Men who used the sauna two to three times per week had a 66 percent lower risk of developing dementia and a 65 percent lower risk of developing Alzheimer's disease, compared to men who used the sauna only one time per week… The health benefits associated with sauna use extended to other aspects of mental health, as well. Men participating in the KIHD study who used the sauna four to seven times per week were 77 percent less likely to develop psychotic disorders, regardless of the men's dietary habits, socioeconomic status, physical activity, and inflammatory status (as measured by C-reactive protein)…Exposure to high temperature stresses the body, eliciting a rapid, robust response. The skin and core body temperatures increase markedly, and sweating ensues. The skin heats first, rising to 40°C (104°F), and then changes in core body temperature occur, rising slowly from 37°C (98.6°F, or normal) to 38°C (100.4°F) and then rapidly increasing to 39°C (102.2°F)…  Cardiac output, a measure of the amount of work the heart performs in response to the body's need for oxygen, increases by 60 to 70 percent, while the heart rate (the number of beats per minute) increases and the stroke volume (the amount of blood pumped) remains unchanged.[5] During this time, approximately 50 to 70 percent of the body's blood flow is redistributed from the core to the skin to facilitate sweating. The average person loses approximately 0.5 kg of sweat while sauna bathing.[11] Acute heat exposure also induces a transient increase in overall plasma volume to mitigate the decrease in core blood volume. This increase in plasma volume not only provides a reserve source of fluid for sweating, but it also acts like the water in a car's radiator, cooling the body to prevent rapid increases in core body temperature and promoting heat tolerance… Repeated sauna use acclimates the body to heat and optimizes the body's response to future exposures, likely due to a biological phenomenon known as hormesis, a compensatory defense response following exposure to a mild stressor that is disproportionate to the magnitude of the stressor. Hormesis triggers a vast array of protective mechanisms that not only repair cell damage but also provide protection from subsequent exposures to more devastating stressors… The physiological responses to sauna use are remarkably similar to those experienced during moderate- to vigorous-intensity exercise. In fact, sauna use has been proposed as an alternative to exercise for people who are unable to engage in physical activity due to chronic disease or physical limitations.[13]

Based on the article, which of the following statements is the author likely to agree with?",A,A,A,Both Correct
2,"Sauna use, sometimes referred to as ""sauna bathing,"" is characterized by short-term passive exposure to extreme heat. This exposure elicits mild hyperthermia – an increase in the body's core temperature – that induces a thermoregulatory response involving neuroendocrine, cardiovascular, and cytoprotective mechanisms that work together to restore homeostasis and condition the body for future heat stressors… In recent decades, sauna bathing has emerged as a means to increase lifespan and improve overall health, based on compelling data from observational, interventional, and mechanistic studies. Of particular interest are the findings from studies of participants in the Kuopio Ischemic Heart Disease Risk Factor (KIHD) Study, an ongoing prospective population-based cohort study of health outcomes in more than 2,300 middle-aged men from eastern Finland, which identified strong links between sauna use and reduced death and disease… The KIHD findings showed that men who used the sauna two to three times per week were 27 percent less likely to die from cardiovascular-related causes than men who didn't use the sauna.[2] Furthermore, the benefits they experienced were found to be dose-dependent: Men who used the sauna roughly twice as often, about four to seven times per week, experienced roughly twice the benefits – and were 50 percent less likely to die from cardiovascular-related causes.[2] In addition, frequent sauna users were found to be 40 percent less likely to die from all causes of premature death. These findings held true even when considering age, activity levels, and lifestyle factors that might have influenced the men's health.[2]... The KIHD also revealed that frequent sauna use reduced the risk of developing dementia and Alzheimer's disease in a dose-dependent manner. Men who used the sauna two to three times per week had a 66 percent lower risk of developing dementia and a 65 percent lower risk of developing Alzheimer's disease, compared to men who used the sauna only one time per week… The health benefits associated with sauna use extended to other aspects of mental health, as well. Men participating in the KIHD study who used the sauna four to seven times per week were 77 percent less likely to develop psychotic disorders, regardless of the men's dietary habits, socioeconomic status, physical activity, and inflammatory status (as measured by C-reactive protein)…Exposure to high temperature stresses the body, eliciting a rapid, robust response. The skin and core body temperatures increase markedly, and sweating ensues. The skin heats first, rising to 40°C (104°F), and then changes in core body temperature occur, rising slowly from 37°C (98.6°F, or normal) to 38°C (100.4°F) and then rapidly increasing to 39°C (102.2°F)…  Cardiac output, a measure of the amount of work the heart performs in response to the body's need for oxygen, increases by 60 to 70 percent, while the heart rate (the number of beats per minute) increases and the stroke volume (the amount of blood pumped) remains unchanged.[5] During this time, approximately 50 to 70 percent of the body's blood flow is redistributed from the core to the skin to facilitate sweating. The average person loses approximately 0.5 kg of sweat while sauna bathing.[11] Acute heat exposure also induces a transient increase in overall plasma volume to mitigate the decrease in core blood volume. This increase in plasma volume not only provides a reserve source of fluid for sweating, but it also acts like the water in a car's radiator, cooling the body to prevent rapid increases in core body temperature and promoting heat tolerance… Repeated sauna use acclimates the body to heat and optimizes the body's response to future exposures, likely due to a biological phenomenon known as hormesis, a compensatory defense response following exposure to a mild stressor that is disproportionate to the magnitude of the stressor. Hormesis triggers a vast array of protective mechanisms that not only repair cell damage but also provide protection from subsequent exposures to more devastating stressors… The physiological responses to sauna use are remarkably similar to those experienced during moderate- to vigorous-intensity exercise. In fact, sauna use has been proposed as an alternative to exercise for people who are unable to engage in physical activity due to chronic disease or physical limitations.[13]

Which of the following is a likely paragraph that follows this excerpt in the article?",A,A,A,Both Correct
3,"Sauna use, sometimes referred to as ""sauna bathing,"" is characterized by short-term passive exposure to extreme heat. This exposure elicits mild hyperthermia – an increase in the body's core temperature – that induces a thermoregulatory response involving neuroendocrine, cardiovascular, and cytoprotective mechanisms that work together to restore homeostasis and condition the body for future heat stressors… In recent decades, sauna bathing has emerged as a means to increase lifespan and improve overall health, based on compelling data from observational, interventional, and mechanistic studies. Of particular interest are the findings from studies of participants in the Kuopio Ischemic Heart Disease Risk Factor (KIHD) Study, an ongoing prospective population-based cohort study of health outcomes in more than 2,300 middle-aged men from eastern Finland, which identified strong links between sauna use and reduced death and disease… The KIHD findings showed that men who used the sauna two to three times per week were 27 percent less likely to die from cardiovascular-related causes than men who didn't use the sauna.[2] Furthermore, the benefits they experienced were found to be dose-dependent: Men who used the sauna roughly twice as often, about four to seven times per week, experienced roughly twice the benefits – and were 50 percent less likely to die from cardiovascular-related causes.[2] In addition, frequent sauna users were found to be 40 percent less likely to die from all causes of premature death. These findings held true even when considering age, activity levels, and lifestyle factors that might have influenced the men's health.[2]... The KIHD also revealed that frequent sauna use reduced the risk of developing dementia and Alzheimer's disease in a dose-dependent manner. Men who used the sauna two to three times per week had a 66 percent lower risk of developing dementia and a 65 percent lower risk of developing Alzheimer's disease, compared to men who used the sauna only one time per week… The health benefits associated with sauna use extended to other aspects of mental health, as well. Men participating in the KIHD study who used the sauna four to seven times per week were 77 percent less likely to develop psychotic disorders, regardless of the men's dietary habits, socioeconomic status, physical activity, and inflammatory status (as measured by C-reactive protein)…Exposure to high temperature stresses the body, eliciting a rapid, robust response. The skin and core body temperatures increase markedly, and sweating ensues. The skin heats first, rising to 40°C (104°F), and then changes in core body temperature occur, rising slowly from 37°C (98.6°F, or normal) to 38°C (100.4°F) and then rapidly increasing to 39°C (102.2°F)…  Cardiac output, a measure of the amount of work the heart performs in response to the body's need for oxygen, increases by 60 to 70 percent, while the heart rate (the number of beats per minute) increases and the stroke volume (the amount of blood pumped) remains unchanged.[5] During this time, approximately 50 to 70 percent of the body's blood flow is redistributed from the core to the skin to facilitate sweating. The average person loses approximately 0.5 kg of sweat while sauna bathing.[11] Acute heat exposure also induces a transient increase in overall plasma volume to mitigate the decrease in core blood volume. This increase in plasma volume not only provides a reserve source of fluid for sweating, but it also acts like the water in a car's radiator, cooling the body to prevent rapid increases in core body temperature and promoting heat tolerance… Repeated sauna use acclimates the body to heat and optimizes the body's response to future exposures, likely due to a biological phenomenon known as hormesis, a compensatory defense response following exposure to a mild stressor that is disproportionate to the magnitude of the stressor. Hormesis triggers a vast array of protective mechanisms that not only repair cell damage but also provide protection from subsequent exposures to more devastating stressors… The physiological responses to sauna use are remarkably similar to those experienced during moderate- to vigorous-intensity exercise. In fact, sauna use has been proposed as an alternative to exercise for people who are unable to engage in physical activity due to chronic disease or physical limitations.[13]

According to the article, which of the following is NOT a benefit of sauna use?",D,B,B,Both Incorrect
4,"Sauna use, sometimes referred to as ""sauna bathing,"" is characterized by short-term passive exposure to extreme heat. This exposure elicits mild hyperthermia – an increase in the body's core temperature – that induces a thermoregulatory response involving neuroendocrine, cardiovascular, and cytoprotective mechanisms that work together to restore homeostasis and condition the body for future heat stressors… In recent decades, sauna bathing has emerged as a means to increase lifespan and improve overall health, based on compelling data from observational, interventional, and mechanistic studies. Of particular interest are the findings from studies of participants in the Kuopio Ischemic Heart Disease Risk Factor (KIHD) Study, an ongoing prospective population-based cohort study of health outcomes in more than 2,300 middle-aged men from eastern Finland, which identified strong links between sauna use and reduced death and disease… The KIHD findings showed that men who used the sauna two to three times per week were 27 percent less likely to die from cardiovascular-related causes than men who didn't use the sauna.[2] Furthermore, the benefits they experienced were found to be dose-dependent: Men who used the sauna roughly twice as often, about four to seven times per week, experienced roughly twice the benefits – and were 50 percent less likely to die from cardiovascular-related causes.[2] In addition, frequent sauna users were found to be 40 percent less likely to die from all causes of premature death. These findings held true even when considering age, activity levels, and lifestyle factors that might have influenced the men's health.[2]... The KIHD also revealed that frequent sauna use reduced the risk of developing dementia and Alzheimer's disease in a dose-dependent manner. Men who used the sauna two to three times per week had a 66 percent lower risk of developing dementia and a 65 percent lower risk of developing Alzheimer's disease, compared to men who used the sauna only one time per week… The health benefits associated with sauna use extended to other aspects of mental health, as well. Men participating in the KIHD study who used the sauna four to seven times per week were 77 percent less likely to develop psychotic disorders, regardless of the men's dietary habits, socioeconomic status, physical activity, and inflammatory status (as measured by C-reactive protein)…Exposure to high temperature stresses the body, eliciting a rapid, robust response. The skin and core body temperatures increase markedly, and sweating ensues. The skin heats first, rising to 40°C (104°F), and then changes in core body temperature occur, rising slowly from 37°C (98.6°F, or normal) to 38°C (100.4°F) and then rapidly increasing to 39°C (102.2°F)…  Cardiac output, a measure of the amount of work the heart performs in response to the body's need for oxygen, increases by 60 to 70 percent, while the heart rate (the number of beats per minute) increases and the stroke volume (the amount of blood pumped) remains unchanged.[5] During this time, approximately 50 to 70 percent of the body's blood flow is redistributed from the core to the skin to facilitate sweating. The average person loses approximately 0.5 kg of sweat while sauna bathing.[11] Acute heat exposure also induces a transient increase in overall plasma volume to mitigate the decrease in core blood volume. This increase in plasma volume not only provides a reserve source of fluid for sweating, but it also acts like the water in a car's radiator, cooling the body to prevent rapid increases in core body temperature and promoting heat tolerance… Repeated sauna use acclimates the body to heat and optimizes the body's response to future exposures, likely due to a biological phenomenon known as hormesis, a compensatory defense response following exposure to a mild stressor that is disproportionate to the magnitude of the stressor. Hormesis triggers a vast array of protective mechanisms that not only repair cell damage but also provide protection from subsequent exposures to more devastating stressors… The physiological responses to sauna use are remarkably similar to those experienced during moderate- to vigorous-intensity exercise. In fact, sauna use has been proposed as an alternative to exercise for people who are unable to engage in physical activity due to chronic disease or physical limitations.[13]

Based on the article, what would be an important thing for a person to do after sauna use?",D,D,D,Both Correct
5,"Languages with a structure that implements abstract data types (e.g., a C++ class) can prevent access to components of this structure by all operations except those that are part of this structure. However, definitions of such a structure often contain declarations of components of the structure (e.g., the header file for a C++ class may contain declarations of its private components). For such a language, an object's name could be bound at run time to stack storage for its component values (direct representation) or to a stack pointer referencing heap storage for its component values (indirect representation). Which of the following statements about comparisons between direct and indirect representations is (are) true?
I. Indirect representation noticeably increases compilation time.
II. Direct representation decreases the time needed to access components of a variable.
III. When the storage size of some private component of a variable changes, indirect representation minimizes the number of recompilations of source modules that must be performed.",D,D,D,Both Correct
6,"Function signatures describe the types of the arguments to a function as well as the return value of the function. For instance, the addition function on reals has a signature of
add : real x real -> real
since it takes two real numbers and returns a real number. But, for a language that allows functions as return values, addition could be considered to have the signature
add : real -> (real -> real)
which means that add takes a single real (the first operand) and returns a new function that itself takes a single real (the second operand) and returns a real (the result). This process of reducing a function with multiple arguments to a function with fewer arguments is called currying. Which of the following is correct?",A,A,A,Both Correct
7,"A microcomputer used for data acquisition and control is required to digitize and process four analog input signals and to output their average continually; i.e., in real time. The time for an external analog-to-digital converter (which is triggered by a CPU instruction) to digitize one input is 12 microseconds, and only one digitization occurs at a time. Five CPU instructions, including the triggering instruction, must be executed for each signal digitized. Ten CPU instructions are executed in order to average each set of four samples and output this value. The time to convert the output from digital to analog form is to be ignored. If it is assumed that suitable data buffering is employed, then the maximum average instruction execution time that allows the microcomputer to keep up with the input-output data rates, is",C,C,C,Both Correct
8,"A psychologist conducts an experiment in which subjects are asked to learn a series of “facts” which are actually statements that have been fabricated by the research team. The subjects consist of undergraduate students at the university where the experiment is being conducted. The subjects are randomly assigned to groups that are compensated either $10 or $20 for their participation, are given either 15 minutes or 30 minutes to learn the facts, and are asked to recall the facts either in the same room in which they learned the facts or in a very different, unfamiliar setting. Which of the following are dependent variables in this experiment?
I. The amount the subjects were compensated.
II. The room in which the subjects were asked to recall facts.
III. The number of facts the subjects can recall.
IV. The time the subjects were given to learn the facts.",B,B,B,Both Correct
9,"Two scientists at a conference on evolution take to the stage on day 3 to argue their theories against one other. Each is a devout student of their own philosophy. The first scientist contends that organisms evolved via the increase of organs that were used the most during their time. They would then pass these on to subsequent generations. The second scientist, however, believed that advantages each organism possessed were absent for a long time, randomly occurred, and when they were beneficial, that organism would rapidly populate the population over a short period of time, evolutionarily speaking. Which of the following statements would strengthen the second scientist’s argument?",B,B,B,Both Correct
10,"Two alternatives for interconnecting a set of processors with bidirectional links are (1) the fully interconnected network, in which each processor is directly connected to every other processor, and (2) the ring network, in which each processor is connected to two other processors. The worst-case path length for a network is the maximum, over all pairs of nodes in the network, of the minimum length paths (measured in number of links) between the nodes. For each type of interconnection of n processors, a figure of merit can be formed as the product of the number of links required for the network times the worst-case path length connecting any two processors. The ratio of this figure of merit for the fully interconnected network compared to that of the ring network, for even n > 2, is",D,C,D,Council Improved
11,"Resolution theorem proving for showing that a formula of propositional logic is not satisfiable has which of the following properties?
I. It is a sound proof system in the sense that there does not exist a proof of the unsatisfiability of a satisfiable formula of propositional logic.
II. It is a complete proof system in the sense that there is a proof of unsatisfiability for every unsa tisfiable formula of propositional logic.
III. It is a succinct proof system in the sense that whenever an unsatisfiable formula F of propositional logic has a resolution proof, F also has a proof whose length is polynomial in the length of F.",C,C,C,Both Correct
12,"A police officer carries out hundreds of traffic stops every year. When his supervisor is reviewing the officer’s records for the past year, he notices that the officer is equally likely to stop people of various genders, ages, and races. However, he is significantly more likely to write tickets for middle-aged white males with dark hair and eyes. When confronted with this fact, the officer truthfully states that he has no idea why that is, and that it must simply be a coincidence. Unbeknownst to the officer, this behavior is tied to the fact that these men look like his father, with whom he had an abusive relationship as a child. What psychological framework would directly address the unconscious bias in his behavior? ",B,B,B,Both Correct
13,"A dentist that is performing procedures in his clinic is brought out to the front desk one day to handle a dispute between one of his patients and the clerk. The patient is a middle-aged businessman who is irate and creating a scene because he was told he would have to see the dental hygienist instead of the dentist. The patient loudly rants that he makes too much money to be subjected to treatment by a half-trained associate. The clerk explains to the dentist that the patient was 40 minutes late to his appointment, and the only opening now was with the hygienist. The patient snaps back that his time is worth more than any of the people in the office. What personality disorder is this patient likely exhibiting?",C,B,B,Both Incorrect
14,"In the NoNicks operating system, the time required by a single file-read operation has four nonoverlapping components:
disk seek time-25 msec
disk latency time-8 msec
disk transfer time- 1 msec per 1,000 bytes
operating system overhead-1 msec per 1,000 bytes + 10 msec
In version 1 of the system, the file read retrieved blocks of 1,000 bytes. In version 2, the file read (along with the underlying layout on disk) was modified to retrieve blocks of 4,000 bytes. The ratio of-the time required to read a large file under version 2 to the time required to read the same large file under version 1 is approximately",B,C,B,Council Improved
15,"Two single-user workstations are attached to the same local area network. On one of these workstations, file pages are accessed over the network from a file server; the average access time per page is 0.1 second. On the other of these workstations, file pages are accessed from a local disk; the average access time per page is 0.05 second. A particular compilation requires 30 seconds of computation and 200 file page accesses. What is the ratio of the total time required by this compilation if run on the diskless (file server) workstation to the total time required if run on the workstation with the local disk, if it is assumed that computation is not overlapped with file access?",B,B,B,Both Correct
16,"Let T be a depth-first search tree of a connected undirected graph G. For each vertex v of T, let pre(v) be the number of nodes visited up to and including v during a preorder traversal of T, and post(v) be the number of nodes visited up to and including v during a postorder traversal of T. The lowest common ancestor of vertices u and v in T is a vertex w of T such that w is an ancestor of both u and v, and no child of w is an ancestor of both u and v. Let (u, v) be an edge in G that is not in T, such that pre(u) < pre(v). Which of the following statements about u and v must be true?
I. post(u) < post(v)
II. u is an ancestor of v in T.
III. If w is the lowest common ancestor of u and v in T, then w = u.",D,D,D,Both Correct
17,"A program that checks spelling works in the following way. A hash table has been defined in which each entry is a Boolean variable initialized to false. A hash function has been applied to each word in the dictionary, and the appropriate entry in the hash table has been set to true. To check the spelling in a document, the hash function is applied to every word in the document, and the appropriate entry in the hash table is examined. Which of the following is (are) correct?
I. true means the word was in the dictionary.
II. false means the word was not in the dictionary.
III. Hash table size should increase with document size.",B,A,D,Both Incorrect
18,"To compute the matrix product M_1M_2, where M_1 has p rows and q columns and where M_2 has q rows and r columns, takes time proportional to pqr, and the result is a matrix of p rows and r columns. Consider the product of three matrices N_1N_2N_3 that have, respectively, w rows and x columns, x rows and y columns, and y rows and z columns. Under what condition will it take less time to compute the product as (N_1N_2)N_3 (i.e., multiply the first two matrices first) than to compute it as N_1(N_2 N_3)?",B,D,B,Council Improved
19,"Array A contains 256 elements of 4 bytes each. Its first element is stored at physical address 4,096.
Array B contains 512 elements of 4 bytes each. Its first element is stored at physical address 8,192.
Assume that only arrays A and B can be cached in an initially empty, physically addressed, physically tagged, direct-mapped, 2K-byte cache with an 8-byte block size. The following loop is then executed.
for (i = 0; i < 256; i++)
        A[i] = A[i] + B[2*i];
During the execution of the loop, how many bytes will be written to memory if the cache has a write-through policy?",C,D,C,Council Improved
20,"Array A contains 256 elements of 4 bytes each. Its first element is stored at physical address 4,096.
Array B contains 512 elements of 4 bytes each. Its first element is stored at physical address 8,192.
Assume that only arrays A and B can be cached in an initially empty, physically addressed, physically tagged, direct-mapped, 2K-byte cache with an 8-byte block size. The following loop is then executed.
for (i = 0; i < 256; i++)
        A[i] = A[i] + B[2*i];
During the execution of the loop, how many bytes will be written to memory if the cache has a write-back policy?",A,C,C,Both Incorrect
21,"The hit ratio of a cache memory is the percentage of accesses (reads and writes) for which data are found in the cache. Write-through is a policy whereby every write operation updates main memory. Write-back is a policy whereby a write operation to a line found in the cache does not affect main memory until the line is evicted from the cache. Write-allocation is a policy whereby a cache line is allocated and loaded on a write-miss. If it is assumed that write-allocation is always used, which of the following is true?",C,C,C,Both Correct
22,"A teacher sets up a reward system for her elementary school students. At the end of each day, she gives a sticker to each student who showed up on time that morning. At the end of each week, she gives a sticker to any student who got above a 90% on three quizzes in a row. After months of this regimen, she finds that performance on the quizzes has increased significantly but that tardiness has only decreased slightly. Which of the following best explains the teacher’s observation?",C,C,C,Both Correct
23,"A study examined admissions to exceptionally selective colleges. When examining the correlates of admission acceptance, two obvious factors that strongly correlated with admissions were GPA and standardized test scores, with correlation values of +0.41 and +0.55 respectively. However, the study also demonstrated that those students who had social networks that overlapped with the alumni networks of the selective colleges were even more likely to be admitted, with a correlation between social network and alumni network of +0.61. This correlation demonstrates:",C,C,C,Both Correct
24,"Assume that a debugger places a breakpoint at a load instruction at virtual address 0x77E81234 (hexadecimal notation) in a debugged process P. If the text segment of P begins at 0x77E80000 in P’s virtual address space and if the debugger has mapped this same text segment at 0x01000000 in its virtual address space, which of the following is the virtual address used by the debugger in its WRITE operation, along with a description of how the debugger has mapped the virtual memory page containing this address?",A,B,B,Both Incorrect
25,"You want to cluster 7 points into 3 clusters using the k-Means Clustering algorithm. Suppose after the first iteration, clusters C1, C2 and C3 contain the following two-dimensional points: C1 contains the 2 points: {(0,6), (6,0)} C2 contains the 3 points: {(2,2), (4,4), (6,6)} C3 contains the 2 points: {(5,5), (7,7)} What are the cluster centers computed for these 3 clusters?",A,A,A,Both Correct
26,"Two processors, M-5 and M-7, implement the same instruction set. Processor M-5 uses a 5-stage pipeline and a clock cycle of 10 nanoseconds. Processor M-7 uses a 7-stage pipeline and a clock cycle of 7.5 nanoseconds. Which of the following is (are) true?
I. M-7’s pipeline has better maximum throughput than M-5’s pipeline.
II. The latency of a single instruction is shorter on M-7’s pipeline than on M-5’s pipeline.
III. Programs executing on M-7 will always run faster than programs executing on M-5.",A,A,A,Both Correct
27,"A scientist, using electrodes, is stimulating a group of neurons in the hypothalamus and recording their membrane potential changes. She observes a sharp rise in membrane potential when she first stimulates them, the the difference of 100mV. When she tries another stimulation immediately after the first, there is no response. However, when she increase the amount of voltage she supplies to the second shock, she observes a similar response to the first. What time period of stimulation would the second shock be characterized in regards to membrane potential?",C,C,C,Both Correct
28,"An internal hash table has 5 buckets, numbered 0, 1, 2, 3, 4. Keys are integers, and the hash function h(i) = i mod 5 is used, with linear resolution of collisions (i.e., if bucket h(i) is filled, the buckets h(i) + 1, h(i) + 2, ... are tried successively with all bucket numbers computed modulo 5). If elements with keys 13, 8, 24, 10, and 3 are inserted, m that order, into an initially blank hash table, then the content of the bucket numbered 2 is",A,C,A,Council Improved
29,"A scientist carrying out experiments on hearing aids fits 30 mice that were genetically modified to lose their hearing with the latest technology and were tested to press a lever when they heard a bell. This was set to varying levels of power. At 80% power, 20 mice pressed the lever. At 70% power, 15 mice pressed the lever. At 60% power, 10 mice pressed the lever. Which of the following power levels corresponds to the absolute threshold for hearing the decibels produced by the bell?",B,B,B,Both Correct
30,"A recent theory concerning an unusual rise in asthma attacks following a thunderstorm proposes that while pollen grains at 5 microns are too large to enter the airways, their exposure to water precipitates the release of starch granules as a result of osmotic shock. The starch granules are small enough to enter the lower airways and trigger an asthmatic attack. If this theory is true, which of the following is a correct statement?",B,B,B,Both Correct
31,"Walking down a street late at night, an adult male pedestrian notices a young female on the ground, not moving. The female is on the opposite side of the street. Crossing the street, the pedestrian notices that the young woman appears both much wealthier than he is and is of a different ethnicity. Seeing no one else present, the pedestrian renders aid. According to the bystander effect, which of the following would change how the pedestrian reacts?",D,D,D,Both Correct
32,"Let M be a single-tape, deterministic Turing machine with tape alphabet {blank,0,1}, and let C denote the (possibly infinite) computation of M starting with a blank tape. The input to each problem below is M, together with a positive integer n. Which of the following problems is (are) decidable?
I. The computation C lasts for at least n steps.
II. The computation C lasts for at least n steps, and M prints a 1 at some point after the nth step.
III. M scans at least n distinct tape squares during the computation C.",D,D,D,Both Correct
33,"Consider a computer system in which processes can request and release one or more resources. Once a process has been granted a resource, the process has exclusive use of that resource until it is released. If a process requests a resource that is already in use, the process enters a queue for that resource, waiting until the resource is available. Which of the following will NOT deal effectively with the problem of deadlock?",A,A,A,Both Correct
34,"The electron transport chain, which is embedded in the mitochondrial membrane, exists primarily to generate new molecules of ATP for use by the cell. This is accomplished by a positive gradient of H+ ions that are formed outside the membrane which then pass back through a specialized channel known as ATP synthase. The energy created from this phosphorylates an ATP to an ATP, known as oxidative phosphorylation. The mechanism by which H+ returns to the inside of the mitochondria is known as what?",A,B,B,Both Incorrect
35,"In a height-balanced binary search tree, the heights of the left and right descendents of any node differ by at most 1. Which of the following are true of such a tree?
I. Worst-case search time is logarithmic in the number of nodes.
II. Average-case search time is logarithmic in the number of nodes.
III. Best-case search time is proportional to the height of the tree.
IV. The height of the tree is logarithmic in the number of nodes.",D,D,D,Both Correct
36,"The 99Ru chemical shift of [Ru(H2O)6]2+ is 16,050 ppm relative to [Ru(CN)6]2- at 0 ppm. The electronic excitation energies of [Ru(H2O)6]2+, [Ru(CN)6]2- and [Ru(NH3)6]2+ are 18,900, 40,000 and 25,600 cm-1 respectively. Assuming that the chemical shift differences are dominated by paramagnetic currents, determine the chemical shift of [Ru(NH3)6]2+.",B,A,B,Council Improved
37,"David is a nationally ranked cellist who recently accepted a scholarship to a major college to perform in the orchestra. Over the summer, he has been given a packet of sheet music to be proficient in by fall semester. David is a perfectionist when it comes to his craft. He always compares himself to better players, and is very hard on himself when he cannot master a section of one of his pieces. Which of the following answers best describes David?",A,A,A,Both Correct
38,Brood parasites such as the cuckoo successfully trick other species of birds into rearing their young by exploiting the host birds' instinctive response to the loud begging cues of a fledgling in their nest. The genes that allow the host bird species to be duped into rearing the cuckoo fledglings to the detriment of their own offspring most likely remain in the gene pool of the population because,A,A,A,Both Correct
39,"Consider an object-oriented language in which all entities are objects. Two relationships arise: (1) the instance relationship, between an object and the class of which that object is a member, and (2) the subclass relationship, between a class and the superclass from which that class inherits properties. In such a language, when a message is sent to an object requesting execution of one of its methods (procedures), the method is located by following",A,A,A,Both Correct
40,"A scientist using mouse models to determine the response of blood hormones to large levels of glucose in the body discovers a new hormone not previously described. According to his data, this hormone is found both inside and out of cells when carrying out its function, increase the amount of nucleic acid in the cell while functioning, and are derived from a structure containing four hydroxycarbon rings. This will likely be categorized as which type of hormone?",B,B,B,Both Correct
41,Hybrids between some related species of plants are sterile because the parent plants had different chromosome numbers. Occasionally the chromosome number of such a hybrid plant doubles spontaneously. Which of the following best describes the descendants of those plants with the double chromosome number?,D,D,D,Both Correct
42,"""Magic memory""' has two operations: Read and Clear. Both are indivisible and mutually exclusive. Clear sets the magic memory to zero. Read returns a value that represents the number of Read operations since the last Clear operation. Which of the following is (are) true of ""Magic memory""?
I. It can provide the functionality of an atomic Test-and-Set.
II. It can be used to coordinate processes running on a shared-memory multiprocessor.
III. It is only useful on a multiprocessor.",D,D,D,Both Correct
43,"Suppose sharing of tiles in a multilevel directory structure is achieved with directory entries that are links pointing to a node containing information about a shared file. Information in this node includes (1) the owner of the file, (2) a count of the number of links to the tile, and (3) the disk block numbers of the file. What is a primary drawback to this approach to sharing?",C,C,C,Both Correct
44,Vygotsky’s sociocultural development theory attempts to describe the interaction between the mental function children are born with and how they develop those into what they possess as adults. One of the important components of this is the zone of proximal development. Which of the following statements accurately describes an individual in the zone of proximal development?,D,D,D,Both Correct
45,"In one taxonomic classification, Archaea, Eukarya, and Bacteria represent the three major domains of life. Eukarya utilize the general transcription factors TBP (TATA-binding protein) and TFIIB in transcription, whereas Bacteria do not. At least one member of Archaea has a protein similar to TBP and a protein similar to TFIIB. Based on this observation, which of the following scenarios is most likely?",A,A,A,Both Correct
46,"Water drips out of a hole at the vertex of an upside down cone at a rate of 3 cm^3 per minute. The
cone’s height and radius are 2 cm and 1 cm, respectively. At what rate does the height of the water change
when the water level is half a centimeter below the top of the cone? The volume of a cone is V = (π/3)*r^2*h,
where r is the radius and h is the height of the cone.",D,C,D,Council Improved
47,"While working on a scene for an action movie, a sound technician is given the task of changing the frequency of a gunshot to more accurately reflect the normal speed of sound. The gunshot came from an actor inside a car traveling 108 km/h, and it was recorded by a camera on a platform 200 meters away traveling at 72 km/h in the same direction. If the frequency of the gunshot is normally 800Hz, what is the perceived frequency which the camera picks up the gunshot at?",C,C,B,Council Regressed
48,"Suppose X is a discrete random variable on the set of positive integers such that for each positive integer n, the probability that X = n is 1/2^n. If Y is a random variable with the same probability distribution and X and Y are independent, what is the probability that the value of at least one of the variables X and Y is greater than 3 ?",B,C,B,Council Improved
49,"The rotational correlation time of a spherical object of radius r immersed in a liquid with viscosity η is given by the Stokes equation: τc = 4πηr3/3kBT. A small molecule with relative molecular mass Mr = 100 in water at 298 K has τc = 50 ps. Assuming that Mr is proportional to the molecular volume, estimate τc for a small protein with Mr = 8400.",C,C,C,Both Correct
50,"A stem-boring beetle has laid its eggs in the center of a 5-year-old wood twig, and the eggs have matured into larvae. In proper order (inside to outside), what tissues and tissue regions would the larvae encounter as they eat their way toward the outside of the twig? (For simplicity, assume that the epidermis has already fallen off completely.)",D,C,D,Council Improved
51,"One end of a horizontal, massless spring is attached to a wall. A mass of 0.30 kg is attached to the other end of the spring and rests on a table. The mass is displaced 0.030 m from its equilibrium position and released. It has a speed of 0.040 m/s as it passes through its equilibrium position. In the absence of friction, what is the total mechanical energy of the system?",A,C,A,Council Improved
52,"Two students perform an experiment in which they drop a ball from rest from a known height above the ground and measure the speed of the ball just before it strikes the ground. From repeated measurement, the students estimate the uncertainty in the measured speed of the ball to be 10 percent. Which of the following gives the uncertainty in the kinetic energy of the ball? (Assume the uncertainty in the ball’s mass is negligibly small.)",D,D,D,Both Correct
53,"A team of engineers constructing signal lights for airplanes that they can use to guide them to runways are attempting to determine the brightness needed for the pilot to be able to detect the tower at 1 mile away. They set the light to a test brightness and establish communication with an inbound pilot. When the pilot is 1 mile away from the tower, he says he cannot see the light. In terms of Signal Detection Theory, what would this be called?",B,B,B,Both Correct
54,"Suppose A is a 3 × 3 matrix such that det(A − λI) = −λ^3 + 3λ^2 + λ − 3, where I is the 3 × 3 identity matrix. Which of the following are TRUE of A?
I. The trace of A is 3.
II. The determinate of A is −3.
III. The matrix A has eigenvalues −3 and 1.",D,D,D,Both Correct
55,"New York City is home to over 7 million inhabitants from a diverse range of backgrounds. Although the city itself has characteristics, there are several smaller areas, usually congregations of people from the same nationality, who adhere to customs from their prior country of inhabitance. For example, in Little Italy, a small town in the city, it is still customary to greet people with cheek kisses. This is an example of what kind of phenomenon?",A,A,A,Both Correct
56,"Each of the following is an example of the transmission of knowledge through symbolic culture EXCEPT:
I. A young macaque monkey learning to rinse off food in the ocean from an older monkey, even when the food is not covered in dirt or sand.
II. A child learning the rules of baseball from a parent.
III. A new group of inductees in a military organization experiencing hazing rituals from older students, which they then later carry out on new recruits.",A,A,A,Both Correct
57,"Define a binary operation on Z, the set of integers, by the equation m • n = m + n + mn. Which of
the following statements is (are) true about the binary structure (Z, • )?
I. This structure is not a group since the operation is not associative.
II. This structure is not a group since there is no identity element.
III. This structure is not a group since not all elements have an inverse.
IV. This structure is a group.",D,D,D,Both Correct
58,"Which of the following must be true about a binary liquid mixture that obeys Raoult’s law?
I. The partial pressure of each component at equilibrium is proportional to its mole fraction in the liquid mixture.
II. The volume of the mixture is equal to the sum of the volumes of each component before mixing.
III. Intermolecular interactions in the mixture are identical to intermolecular interactions in the pure components.",D,C,C,Both Incorrect
59,"As a result of substance abuse throughout adolescence, a young adult suffers from a number of psychological symptoms reflecting diminished executive functioning. Which of the following are likely true of this patient?
I. Pathological changes to the prefrontal cortex.
II. Increased susceptibility to auditory hallucinations.
III. Reduced behavioral impulse control.",C,C,C,Both Correct
60,"Fire hoses always have a nozzle on the end of the hose, which in part works by decreasing the area of the water exiting the fire hydrant to create a more forceful stream. If the starting velocity of water from a fire hydrant is 2 m/s, pressure is kept constant, and the end of the nozzle is 1/3 the area of the start of the hose, what is the final velocity of water as it exits?",D,D,D,Both Correct
61,"A local politician starts a task force to reduce prejudice and hate crimes, and the task force provides recommendations for increased access to education, paid community improvement projects open to people from different, possibly conflicted, groups, and stricter anti-hate ordinances to be passed at the local level. These recommendations are based on:
I. Self-esteem hypothesis
II. Contact hypothesis
III. Hypothesis
IV. Legal hypothesis",D,D,B,Council Regressed
62,"In Sweden, the red fox (Vulpes vulpes) severely limits populations of its prey, including hares. However, red fox populations are sometimes attacked by a fatal parasite, the mange mite. As mite population sizes increase at a given site, how are hare and fox populations most likely to respond at the same site? (Assume that hares have no major predators at this site other than foxes.)",C,C,C,Both Correct
63,"A ""strictly binary tree"" is a binary tree in which every node that is not a leaf has two children. Suppose that for a class of strictly binary trees there exists c > 0 such that, for any tree in the class, the ratio of the lengths of any two root-to-leaf paths is bounded above by c. Which of the following best characterizes the height h of any tree in this class, where N is the number of nodes in the tree and N > 1 ?",C,C,C,Both Correct
64,"A young man working with a therapist on becoming more productive is expressing many of his desires throughout growing up and how he feels that it has affected him. Through discernment, the therapist states that he believes the young man’s development is stuck in a stage that reflects itself by his inability to keep his house clean. According to Freud’s theory of psychosexual development, what stage would this young man be fixated in?",B,A,A,Both Incorrect
65,"Myoclonic epilepsy and ragged-red fiber (MERRF) is an extremely rare disorder that affects neuromuscular systems. MERRF results from a mutation in mitochondrial DNA (mtDNA) that impairs protein synthesis, oxygen consumption, and energy production. When an affected male and a normal female reproduce, which of the following best predicts the expected phenotypic ratios of the offspring?",A,A,A,Both Correct
66,"A species of goose nests on both cliffs and beaches near the ocean. Soon after hatching, all chicks must make their way to the ocean. Chicks from cliff nests must tumble down the cliff to get to the ocean, and many are killed by the fall. Which of the following is most consistent with the hypothesis that cliff nesting is adaptive in this goose species?",B,B,B,Both Correct
67,"Which of the following problems is (are) decidable?
I. Given a (finite) string w, is w a prefix of the decimal expansion of π?
II. Given a program and an input, is the program’s output the decimal expansion of π?
III. Given a program that takes as input a prefix of the decimal expansion of π, is the program’s output always the same for every prefix?",A,C,A,Council Improved
68,"Noncompetitive inhibition differs from uncompetitive inhibition in that a noncompetitive inhibitor binds to an allosteric site on the enzyme and prevents it from catalyzing a reaction, whereas uncompetitive inhibitors bind to the enzymesubstrate complex and prevent catalysis. Increasing the substrate concentration would have which of the following effects?",C,C,C,Both Correct
69,"A young child is brought to a psychologist for evaluation of their home situation. The child is placed in the middle of the floor, with the mother on one side and the psychologist on the other. The mother then leaves for a short while, and then returns. Which of the following would be a concerning sign during this evaluation?",C,C,C,Both Correct
70,"A university’s mathematics department has 10 professors and will offer 20 different courses next semester. Each professor will be assigned to teach exactly 2 of the courses, and each course will have exactly one professor assigned to teach it. If any professor can be assigned to teach any course, how many different complete assignments of the 10 professors to the 20 courses are possible?",A,A,A,Both Correct
71,"Let G = (V, E) be a connected, undirected graph, and let a and b be two distinct vertices in V. Let P_1 be the problem of finding a shortest simple path between a and b, and let P_2 be the problem of finding a longest simple path between a and b. Which of the following statements about P_1 and P_2 is true?",B,B,B,Both Correct
72,"In the presence of alcohol dehydrogenase, the rate of reduction of acetaldehyde to ethanol increases as the concentration of acetaldehyde is increased. Eventually, the rate of the reaction reaches a maximum, after which point further increases in the concentration of acetaldehyde have no effect. Which of the following is true at the maximal rate of reaction?",A,A,A,Both Correct
73,"Two computers communicate with each other by sending data packets across a local area network. The size of these packets is 1,000 bytes. The network has the capacity to carry 1,000 packets per second. The CPU time required to execute the network protocol to send one packet is 10 milliseconds. The maximum rate at which one computer can send data to another is approximately",C,A,C,Council Improved
74,"A proton moves in the +z-direction after being accelerated from rest through a potential difference V. The proton then passes through a region with a uniform electric field E in the +x-direction and a uniform magnetic field B in the +y-direction, but the proton’s trajectory is not affected. If the experiment were repeated using a potential difference of 2V, the proton would then be",B,A,B,Council Improved
75,"In systems with support for automatic memory management, a garbage collector typically has the responsibility for reclaiming allocated memory objects whose contents cannot affect any future legal computation. Such objects are identified by determining that they cannot be reached from a root set. Which of the following is NOT part of the root set in a typical garbage collector?",B,B,B,Both Correct
76,Karen is a college student working on developing a stronger sense of self-esteem and self-efficacy with her therapist. She has noticed a great change in her ability to handle situations after 3 months of therapy. Which of the following would NOT be a strategy that her therapist would ask her to employ to raise her sense of self-efficacy?,D,D,D,Both Correct
77,"Consider the system of linear equations
w + 3x + 2y + 2z = 0
w + 4x + y = 0
3w + 5x + 10 y + 14z = 0
2w + 5x + 5y + 6z = 0
with solutions of the form (w, x, y, z), where w x, y, and z are real. Which of the following statements is FALSE?",D,B,D,Council Improved
78,Many marine birds drink seawater yet maintain their internal osmolarity at a constant level that is hypoosmotic to seawater. Which of the following physiological strategies best explains how the birds maintain their tissue osmolarity?,C,C,C,Both Correct
79,"For all strings x, the function x^M is defined recursively as follows.
e^M= e, and
if w is a string and a is a string with length 1, then
(aw)^M = aw^Ma.
Let a be a string with length 1, and let x and y be arbitrary strings. Which of the following is true?",D,A,D,Council Improved
80,"Which of the following conditions can be expressed by a Boolean formula in the Boolean variables p_1, p_2, p_3, p_4 and the connectives ∧,∨ (without ¬)?
I. At least three of p_1, p_2, p_3, p_4 are true.
II. Exactly three of p_1, p_2, p_3, p_4 are true.
III. An even number of p_1, p_2, p_3, p_4 are true.",A,A,A,Both Correct
81,"Suppose A and B are n x n invertible matrices, where n > 1, and I is the n x n identity matrix. If A and B are similar matrices, which of the following statements must be true?	I. A - 2I and B - 2I are similar matrices. II. A and B have the same trace.	 III. A^-1 and B^-1 are similar matrices.",D,D,D,Both Correct
82,"A six-sided die (whose faces are numbered 1 through 6, as usual) is known to be counterfeit: The probability of rolling any even number is twice the probability of rolling any odd number. What is the probability that if this die is thrown twice, the first roll will be a 5 and the second roll will be a 6?",A,C,A,Council Improved
83,"In garden peas, the allele for tall plants (D) is completely dominant to the allele for dwarf plants (d) and the allele for violet flower color (W) is completely dominant to the allele for white flower color (w). In a cross between a tall violet plant, with the genotype DDWw, and a dwarf white plant, what phenotypic ratio of the progeny would be expected from this cross?",D,A,D,Council Improved
84,"Which of the following considerations applies (apply) to choosing the page size in a paging system?
I. An advantage of larger pages is that they lead to smaller page tables.
II. An advantage of smaller pages is that they lead to less waste due to internal fragmentation.
III. Normally, the dominant factor in disk access time is not dependent on page length, so longer pages can be used advantageously.",D,D,D,Both Correct
85,"Let K be a nonempty subset of R^n, where n > 1. Which of the following statements must be true?
I. If K is compact, then every continuous real-valued function defined on K is bounded.
II. If every continuous real-valued function defined on K is bounded, then K is compact.
III. If K is compact, then K is connected.",D,A,D,Council Improved
86,"A hedonic teenager of wayward morals, in one night, sequentially i) has consensual sexual intercourse with his sister, ii) leaves no tip at the bar, iii) has non-censual sexual relations with an unknown woman, and iv) vomits on the steps to the door of a local church. The teenager has violated society’s norms sequentially (to the greatest degree) on the order of:",D,,D,Council Improved
87,"A race car attempting to jump a series of 8 buses is set up on a flat track with a ramp at the end. Engineers assigned to the project have determined that, in order to jump the buses, the car must reach a velocity of 130 km/h. If the distance of the track is 50m, at what rate must the car accelerate to reach this velocity?",A,A,A,Both Correct
88,"Let R be a ring with a multiplicative identity. If U is an additive subgroup of R such that ur in U for all u in U and for all r in R, then U is said to be a right ideal of R. If R has exactly two right ideals, which of the following must be true?
I. R is commutative.
II. R is a division ring (that is, all elements except the additive identity have multiplicative inverses).
III. R is infinite.",B,B,B,Both Correct
89,"What is the most likely outcome of this modification?
﻿
An RNA strand that normally produces a transmembrane protein that facilitates potassium entry into muscle cells is modified to produce a different strand. The original strand is as follows:

 GAAUAGAUGGGAAGCGCCAGAUACAGUAACAGA… 

The modified sequence is as follows:

 GAAUAGAUGGGAAGCGCCAGAUACAGUACCAGA…",D,B,D,Council Improved
90,"Let X be a topological space, and let A, B, and C be nonempty subsets of X such that A c B c C; that is, A is a proper subset of B, and B is a proper subset of C. Which of the following statements is (are) true?
I. If A and C are connected, then B is connected.
II. If A and C are compact, then B is compact.
III. If A and C are Hausdorff, then B is Hausdorff.",D,B,B,Both Incorrect
91,"A patient comes into the hospital after being bit by a dog who he stated was “acting crazy”. The wound is open and bleeding. Animal control captured the dog and said that it was foaming at the mouth and extremely aggressive. Suspecting a rabies infection, the patient is given a serum that contains rabies antibodies that were grown inside a horse. This is an example of what kind of immunity?",A,A,A,Both Correct
92,"Suppose V is a real vector space of finite dimension n. Call the set of matrices from V into itself M(V). Let T be in M(V). Consider the two subspaces U = {X ∈ M(V) : TX = XT} and W = {TX − XT : X ∈ M(V)}. Which of the following must be TRUE?
I. If V has a basis containing only eigenvectors of T then U = M(V).
II. dim (U) + dim (W) = n^2
III. dim (U) < n",B,B,B,Both Correct
93,"In an experiment, the first cleavage plane of an amphibian zygote was manipulated so that the gray crescent was contained in only one of the two blastomeres that result from the first cleavage. The two blastomeres were then separated. What is the expected fate of the blastomeres?",B,B,B,Both Correct
94,"A ladder 9 meters in length is leaning against a vertical wall on level ground. As the bottom end of the ladder is moved away from the wall at a constant rate of 2 meters per second, the top end slides downward along the wall. How fast, in meters per second, will the top end of the ladder be sliding downward at the moment the top end is 3 meters above the ground?",C,B,C,Council Improved
95,"Assuming the circulatory system in humans obeys Bernoulli’s principle of fluid dynamics, which of the statements most accurately compares the blood pressure in a capillary of the neck to a capillary with an equal crosssectional area in the right knee?",C,C,C,Both Correct
96,"Using this formula, if a reaction was provided with 84g of ethane and unlimited oxygen, how many grams of carbon dioxide would result (Carbon atomic weight: 12amu, Hydrogen atomic weight: 1amu, Oxygen atomic weight: 16amu)?
﻿
The unbalanced reaction of ethane gas to carbon dioxide and water is as follows:

 C2H4 + O2 —> CO2 + H2O",C,C,D,Council Regressed
97,"Company X shipped 5 computer chips, 1 of which was defective, and Company Y shipped 4 computer chips, 2 of which were defective. One computer chip is to be chosen uniformly at random from the 9 chips shipped by the companies. If the chosen chip is found to be defective, what is the probability that the chip came from Company Y?",D,D,C,Council Regressed
98,Mouse sperm contain receptor proteins that bind to a glycoprotein (ZP3) in the zona pellucida of mouse eggs. Binding of ZP3 receptors to ZP3 initiates the sperm’s acrosomal reaction. All of the following experimental observations would be expected EXCEPT:,A,A,D,Council Regressed
99,A descript amount of 2-bromobutane is placed into a strong solution of ethanol and allowed to complete a reaction. The result of this reaction produces a major product of 2-butene and a minor product of 1-butene. Which of the following descriptions of the starting compound explains why 2-butene is the major product?,A,A,A,Both Correct